InventoryVoucherID,VoucherNo,VoucherDate,SourceStoreID,SourceStore,DestStoreID,DestStore,PartyRef,PartCode,PartName,Qty
628853,607770,2025-11-08,6,آماده فروش اینترنتی,11,انبار ملزومات,,234931561306,پولوشرت ساده سرمه ای XXL,1.0
628853,607770,2025-11-08,6,آماده فروش اینترنتی,11,انبار ملزومات,,234931561303,پولوشرت ساده سرمه ای M,1.0
598895,578124,2025-07-23,2,مرکزی,6,آماده فروش اینترنتی,,232444800938,کفش  روزمره خاکستری 41,1.0
598895,578124,2025-07-23,2,مرکزی,6,آماده فروش اینترنتی,,223444321338,کفش  روزمره سرمه ای 41,1.0
598895,578124,2025-07-23,2,مرکزی,6,آماده فروش اینترنتی,,233453114128,کفش ورزشی طوسی 42,1.0
598895,578124,2025-07-23,2,مرکزی,6,آماده فروش اینترنتی,,214431760238,کفش رسمی مشکی 41,1.0
592182,571449,2025-07-01,2,مرکزی,6,آماده فروش اینترنتی,,231444610238,کفش  روزمره مشکی 41,1.0
572268,551897,2025-04-20,6,آماده فروش اینترنتی,10,فروشگاه شهرک غرب,,109112930103,شلوار جین اسلیم آبی روشن 36,1.0
572268,551897,2025-04-20,6,آماده فروش اینترنتی,10,فروشگاه شهرک غرب,,232113730522,شلوار جین اسلیم آبی 32,1.0
572268,551897,2025-04-20,6,آماده فروش اینترنتی,10,فروشگاه شهرک غرب,,232113730523,شلوار جین اسلیم آبی 33,1.0
572268,551897,2025-04-20,6,آماده فروش اینترنتی,10,فروشگاه شهرک غرب,,232246602223,شلوار جین Slouchy ذغالی 33,1.0
572268,551897,2025-04-20,6,آماده فروش اینترنتی,10,فروشگاه شهرک غرب,,233121952624,شلوار جین caro right آبی روشن 34,1.0
572268,551897,2025-04-20,6,آماده فروش اینترنتی,10,فروشگاه شهرک غرب,,233121952625,شلوار جین caro right آبی روشن 36,1.0
572268,551897,2025-04-20,6,آماده فروش اینترنتی,10,فروشگاه شهرک غرب,,233121952626,شلوار جین caro right آبی روشن 38,1.0
572268,551897,2025-04-20,6,آماده فروش اینترنتی,10,فروشگاه شهرک غرب,,233247111321,شلوار جین wide leg سرمه ای 31,1.0
572268,551897,2025-04-20,6,آماده فروش اینترنتی,10,فروشگاه شهرک غرب,,233247142622,شلوار جین  boot cut آبی روشن 32,1.0
572268,551897,2025-04-20,6,آماده فروش اینترنتی,10,فروشگاه شهرک غرب,,233247142623,شلوار جین  boot cut آبی روشن 33,1.0
572268,551897,2025-04-20,6,آماده فروش اینترنتی,10,فروشگاه شهرک غرب,,233247142624,شلوار جین  boot cut آبی روشن 34,1.0
572268,551897,2025-04-20,6,آماده فروش اینترنتی,10,فروشگاه شهرک غرب,,234114011322,شلوار جین اسلیم سرمه ای 32,1.0
572268,551897,2025-04-20,6,آماده فروش اینترنتی,10,فروشگاه شهرک غرب,,234114063922,شلوار جین اسلیم آبی تیره 32,1.0
572268,551897,2025-04-20,6,آماده فروش اینترنتی,10,فروشگاه شهرک غرب,,234114063924,شلوار جین اسلیم آبی تیره 34,1.0
572268,551897,2025-04-20,6,آماده فروش اینترنتی,10,فروشگاه شهرک غرب,,234114063925,شلوار جین اسلیم آبی تیره 36,1.0
572268,551897,2025-04-20,6,آماده فروش اینترنتی,10,فروشگاه شهرک غرب,,234114071326,شلوار جین اسلیم سرمه ای 38,1.0
572268,551897,2025-04-20,6,آماده فروش اینترنتی,10,فروشگاه شهرک غرب,,234114240522,شلوار جین اسلیم آبی 32,1.0
572268,551897,2025-04-20,6,آماده فروش اینترنتی,10,فروشگاه شهرک غرب,,234122010529,شلوار جین  baggy آبی 44,1.0
572268,551897,2025-04-20,6,آماده فروش اینترنتی,10,فروشگاه شهرک غرب,,234122022224,شلوار جین  baggy ذغالی 34,1.0
572268,551897,2025-04-20,6,آماده فروش اینترنتی,10,فروشگاه شهرک غرب,,234122080525,شلوار جین Street style آبی 36,1.0
572268,551897,2025-04-20,6,آماده فروش اینترنتی,10,فروشگاه شهرک غرب,,234122091322,شلوار جین Straight regular سرمه ای 32,1.0
572268,551897,2025-04-20,6,آماده فروش اینترنتی,10,فروشگاه شهرک غرب,,234122133926,شلوار جین رگولار آبی تیره 38,1.0
572268,551897,2025-04-20,6,آماده فروش اینترنتی,10,فروشگاه شهرک غرب,,234122231926,شلوار جین Striaght regular دودی 38,1.0
572268,551897,2025-04-20,6,آماده فروش اینترنتی,10,فروشگاه شهرک غرب,,234126042625,شلوار جین  baggy آبی روشن 36,1.0
572268,551897,2025-04-20,6,آماده فروش اینترنتی,10,فروشگاه شهرک غرب,,234151914627,شلوار کتان کمر کش طوسی  روشن 40,1.0
572268,551897,2025-04-20,6,آماده فروش اینترنتی,10,فروشگاه شهرک غرب,,234247213931,شلوار جین  LOOS FIT آبی تیره 48,1.0
572268,551897,2025-04-20,6,آماده فروش اینترنتی,10,فروشگاه شهرک غرب,,234247242226,شلوار جین    STRIAGHT FIT ذغالی 38,1.0
572268,551897,2025-04-20,6,آماده فروش اینترنتی,10,فروشگاه شهرک غرب,,234247242227,شلوار جین    STRIAGHT FIT ذغالی 40,1.0
572268,551897,2025-04-20,6,آماده فروش اینترنتی,10,فروشگاه شهرک غرب,,234247292421,شلوار جین  Baggy سرمه ای تیره 31,1.0
572268,551897,2025-04-20,6,آماده فروش اینترنتی,10,فروشگاه شهرک غرب,,234247292422,شلوار جین  Baggy سرمه ای تیره 32,1.0
572268,551897,2025-04-20,6,آماده فروش اینترنتی,10,فروشگاه شهرک غرب,,234247292423,شلوار جین  Baggy سرمه ای تیره 33,1.0
572268,551897,2025-04-20,6,آماده فروش اینترنتی,10,فروشگاه شهرک غرب,,234247292424,شلوار جین  Baggy سرمه ای تیره 34,1.0
572268,551897,2025-04-20,6,آماده فروش اینترنتی,10,فروشگاه شهرک غرب,,234247292425,شلوار جین  Baggy سرمه ای تیره 36,2.0
572268,551897,2025-04-20,6,آماده فروش اینترنتی,10,فروشگاه شهرک غرب,,234247310524,شلوار جین  Caro rigit آبی 34,2.0
572268,551897,2025-04-20,6,آماده فروش اینترنتی,10,فروشگاه شهرک غرب,,234247332222,شلوار جین Baggy ذغالی 32,2.0
572268,551897,2025-04-20,6,آماده فروش اینترنتی,10,فروشگاه شهرک غرب,,234247340523,شلوار جین Caro rigit آبی 33,1.0
572268,551897,2025-04-20,6,آماده فروش اینترنتی,10,فروشگاه شهرک غرب,,234247490522,شلوار جین Caro rigit آبی 32,1.0
572268,551897,2025-04-20,6,آماده فروش اینترنتی,10,فروشگاه شهرک غرب,,234247490523,شلوار جین Caro rigit آبی 33,1.0
572268,551897,2025-04-20,6,آماده فروش اینترنتی,10,فروشگاه شهرک غرب,,234247510522,شلوار جین Wide leg آبی 32,2.0
572268,551897,2025-04-20,6,آماده فروش اینترنتی,10,فروشگاه شهرک غرب,,234311032921,شلوارک کتان قهوه ای تیره 31,1.0
572268,551897,2025-04-20,6,آماده فروش اینترنتی,10,فروشگاه شهرک غرب,,234321090424,شلوار پارچه ای اسکینی سبز 34,1.0
572268,551897,2025-04-20,6,آماده فروش اینترنتی,10,فروشگاه شهرک غرب,,234621170922,شلوار  پارچه ای رگولار خاکستری 32,1.0
572268,551897,2025-04-20,6,آماده فروش اینترنتی,10,فروشگاه شهرک غرب,,234621170923,شلوار  پارچه ای رگولار خاکستری 33,1.0
572268,551897,2025-04-20,6,آماده فروش اینترنتی,10,فروشگاه شهرک غرب,,234621171423,شلوار  پارچه ای رگولار کرم 33,2.0
572268,551897,2025-04-20,6,آماده فروش اینترنتی,10,فروشگاه شهرک غرب,,234621171424,شلوار  پارچه ای رگولار کرم 34,1.0
572268,551897,2025-04-20,6,آماده فروش اینترنتی,10,فروشگاه شهرک غرب,,234621174123,شلوار  پارچه ای رگولار طوسی 33,1.0
572268,551897,2025-04-20,6,آماده فروش اینترنتی,10,فروشگاه شهرک غرب,,241222870104,پیراهن آستین کوتاه ساده سفید L,2.0
572268,551897,2025-04-20,6,آماده فروش اینترنتی,10,فروشگاه شهرک غرب,,241222870105,پیراهن آستین کوتاه ساده سفید XL,1.0
572268,551897,2025-04-20,6,آماده فروش اینترنتی,10,فروشگاه شهرک غرب,,241222870106,پیراهن آستین کوتاه ساده سفید XXL,1.0
572268,551897,2025-04-20,6,آماده فروش اینترنتی,10,فروشگاه شهرک غرب,,241222880103,پیراهن آستین کوتاه ساده سفید M,1.0
572268,551897,2025-04-20,6,آماده فروش اینترنتی,10,فروشگاه شهرک غرب,,241222880104,پیراهن آستین کوتاه ساده سفید L,2.0
572268,551897,2025-04-20,6,آماده فروش اینترنتی,10,فروشگاه شهرک غرب,,241222880105,پیراهن آستین کوتاه ساده سفید XL,1.0
572268,551897,2025-04-20,6,آماده فروش اینترنتی,10,فروشگاه شهرک غرب,,241222880106,پیراهن آستین کوتاه ساده سفید XXL,1.0
572268,551897,2025-04-20,6,آماده فروش اینترنتی,10,فروشگاه شهرک غرب,,241222880107,پیراهن آستین کوتاه ساده سفید XXXL,1.0
572268,551897,2025-04-20,6,آماده فروش اینترنتی,10,فروشگاه شهرک غرب,,241222880203,پیراهن آستین کوتاه ساده مشکی M,1.0
572268,551897,2025-04-20,6,آماده فروش اینترنتی,10,فروشگاه شهرک غرب,,241222880204,پیراهن آستین کوتاه ساده مشکی L,2.0
572268,551897,2025-04-20,6,آماده فروش اینترنتی,10,فروشگاه شهرک غرب,,241222880205,پیراهن آستین کوتاه ساده مشکی XL,1.0
572268,551897,2025-04-20,6,آماده فروش اینترنتی,10,فروشگاه شهرک غرب,,241222880206,پیراهن آستین کوتاه ساده مشکی XXL,1.0
572268,551897,2025-04-20,6,آماده فروش اینترنتی,10,فروشگاه شهرک غرب,,241222880207,پیراهن آستین کوتاه ساده مشکی XXXL,1.0
572268,551897,2025-04-20,6,آماده فروش اینترنتی,10,فروشگاه شهرک غرب,,241222880503,پیراهن آستین کوتاه ساده آبی M,1.0
572268,551897,2025-04-20,6,آماده فروش اینترنتی,10,فروشگاه شهرک غرب,,241222880504,پیراهن آستین کوتاه ساده آبی L,2.0
572268,551897,2025-04-20,6,آماده فروش اینترنتی,10,فروشگاه شهرک غرب,,241222880505,پیراهن آستین کوتاه ساده آبی XL,1.0
572268,551897,2025-04-20,6,آماده فروش اینترنتی,10,فروشگاه شهرک غرب,,241222880506,پیراهن آستین کوتاه ساده آبی XXL,1.0
572268,551897,2025-04-20,6,آماده فروش اینترنتی,10,فروشگاه شهرک غرب,,241222880507,پیراهن آستین کوتاه ساده آبی XXXL,1.0
572268,551897,2025-04-20,6,آماده فروش اینترنتی,10,فروشگاه شهرک غرب,,241222881303,پیراهن آستین کوتاه ساده سرمه ای M,1.0
572268,551897,2025-04-20,6,آماده فروش اینترنتی,10,فروشگاه شهرک غرب,,241222881304,پیراهن آستین کوتاه ساده سرمه ای L,2.0
572268,551897,2025-04-20,6,آماده فروش اینترنتی,10,فروشگاه شهرک غرب,,241222881305,پیراهن آستین کوتاه ساده سرمه ای XL,1.0
572268,551897,2025-04-20,6,آماده فروش اینترنتی,10,فروشگاه شهرک غرب,,241222881306,پیراهن آستین کوتاه ساده سرمه ای XXL,1.0
572268,551897,2025-04-20,6,آماده فروش اینترنتی,10,فروشگاه شهرک غرب,,241222881307,پیراهن آستین کوتاه ساده سرمه ای XXXL,1.0
572268,551897,2025-04-20,6,آماده فروش اینترنتی,10,فروشگاه شهرک غرب,,241222881403,پیراهن آستین کوتاه ساده کرم M,1.0
572268,551897,2025-04-20,6,آماده فروش اینترنتی,10,فروشگاه شهرک غرب,,241222881404,پیراهن آستین کوتاه ساده کرم L,2.0
572268,551897,2025-04-20,6,آماده فروش اینترنتی,10,فروشگاه شهرک غرب,,241222881405,پیراهن آستین کوتاه ساده کرم XL,1.0
572268,551897,2025-04-20,6,آماده فروش اینترنتی,10,فروشگاه شهرک غرب,,241222881406,پیراهن آستین کوتاه ساده کرم XXL,1.0
572268,551897,2025-04-20,6,آماده فروش اینترنتی,10,فروشگاه شهرک غرب,,241222881407,پیراهن آستین کوتاه ساده کرم XXXL,1.0
572268,551897,2025-04-20,6,آماده فروش اینترنتی,10,فروشگاه شهرک غرب,,241222882603,پیراهن آستین کوتاه ساده آبی روشن M,1.0
572268,551897,2025-04-20,6,آماده فروش اینترنتی,10,فروشگاه شهرک غرب,,241222882604,پیراهن آستین کوتاه ساده آبی روشن L,2.0
572268,551897,2025-04-20,6,آماده فروش اینترنتی,10,فروشگاه شهرک غرب,,241222882605,پیراهن آستین کوتاه ساده آبی روشن XL,1.0
572268,551897,2025-04-20,6,آماده فروش اینترنتی,10,فروشگاه شهرک غرب,,241222882606,پیراهن آستین کوتاه ساده آبی روشن XXL,1.0
572268,551897,2025-04-20,6,آماده فروش اینترنتی,10,فروشگاه شهرک غرب,,241222882607,پیراهن آستین کوتاه ساده آبی روشن XXXL,1.0
572268,551897,2025-04-20,6,آماده فروش اینترنتی,10,فروشگاه شهرک غرب,,241222883003,پیراهن آستین کوتاه ساده سبز روشن M,1.0
572268,551897,2025-04-20,6,آماده فروش اینترنتی,10,فروشگاه شهرک غرب,,241222883004,پیراهن آستین کوتاه ساده سبز روشن L,2.0
572268,551897,2025-04-20,6,آماده فروش اینترنتی,10,فروشگاه شهرک غرب,,241222883005,پیراهن آستین کوتاه ساده سبز روشن XL,1.0
572268,551897,2025-04-20,6,آماده فروش اینترنتی,10,فروشگاه شهرک غرب,,241222883006,پیراهن آستین کوتاه ساده سبز روشن XXL,1.0
572268,551897,2025-04-20,6,آماده فروش اینترنتی,10,فروشگاه شهرک غرب,,241222883007,پیراهن آستین کوتاه ساده سبز روشن XXXL,1.0
572268,551897,2025-04-20,6,آماده فروش اینترنتی,10,فروشگاه شهرک غرب,,241222884103,پیراهن آستین کوتاه ساده طوسی M,1.0
572268,551897,2025-04-20,6,آماده فروش اینترنتی,10,فروشگاه شهرک غرب,,241222884104,پیراهن آستین کوتاه ساده طوسی L,2.0
572268,551897,2025-04-20,6,آماده فروش اینترنتی,10,فروشگاه شهرک غرب,,241222884105,پیراهن آستین کوتاه ساده طوسی XL,1.0
572268,551897,2025-04-20,6,آماده فروش اینترنتی,10,فروشگاه شهرک غرب,,241222884106,پیراهن آستین کوتاه ساده طوسی XXL,1.0
572268,551897,2025-04-20,6,آماده فروش اینترنتی,10,فروشگاه شهرک غرب,,241222884107,پیراهن آستین کوتاه ساده طوسی XXXL,1.0
572268,551897,2025-04-20,6,آماده فروش اینترنتی,10,فروشگاه شهرک غرب,,241222885103,پیراهن آستین کوتاه ساده سبز سدری M,1.0
572268,551897,2025-04-20,6,آماده فروش اینترنتی,10,فروشگاه شهرک غرب,,241222885104,پیراهن آستین کوتاه ساده سبز سدری L,2.0
572268,551897,2025-04-20,6,آماده فروش اینترنتی,10,فروشگاه شهرک غرب,,241222885105,پیراهن آستین کوتاه ساده سبز سدری XL,1.0
572268,551897,2025-04-20,6,آماده فروش اینترنتی,10,فروشگاه شهرک غرب,,241222885106,پیراهن آستین کوتاه ساده سبز سدری XXL,1.0
572268,551897,2025-04-20,6,آماده فروش اینترنتی,10,فروشگاه شهرک غرب,,241222885107,پیراهن آستین کوتاه ساده سبز سدری XXXL,1.0
572268,551897,2025-04-20,6,آماده فروش اینترنتی,10,فروشگاه شهرک غرب,,241222885303,پیراهن آستین کوتاه ساده کرم تیره M,1.0
572268,551897,2025-04-20,6,آماده فروش اینترنتی,10,فروشگاه شهرک غرب,,241222885304,پیراهن آستین کوتاه ساده کرم تیره L,2.0
572268,551897,2025-04-20,6,آماده فروش اینترنتی,10,فروشگاه شهرک غرب,,241222885305,پیراهن آستین کوتاه ساده کرم تیره XL,1.0
572268,551897,2025-04-20,6,آماده فروش اینترنتی,10,فروشگاه شهرک غرب,,241222885306,پیراهن آستین کوتاه ساده کرم تیره XXL,1.0
572268,551897,2025-04-20,6,آماده فروش اینترنتی,10,فروشگاه شهرک غرب,,241222885307,پیراهن آستین کوتاه ساده کرم تیره XXXL,1.0
572268,551897,2025-04-20,6,آماده فروش اینترنتی,10,فروشگاه شهرک غرب,,241222890103,پیراهن آستین کوتاه ساده سفید M,1.0
572268,551897,2025-04-20,6,آماده فروش اینترنتی,10,فروشگاه شهرک غرب,,241222890104,پیراهن آستین کوتاه ساده سفید L,2.0
572268,551897,2025-04-20,6,آماده فروش اینترنتی,10,فروشگاه شهرک غرب,,241222890105,پیراهن آستین کوتاه ساده سفید XL,1.0
572268,551897,2025-04-20,6,آماده فروش اینترنتی,10,فروشگاه شهرک غرب,,241222890106,پیراهن آستین کوتاه ساده سفید XXL,1.0
572268,551897,2025-04-20,6,آماده فروش اینترنتی,10,فروشگاه شهرک غرب,,241222890107,پیراهن آستین کوتاه ساده سفید XXXL,1.0
572268,551897,2025-04-20,6,آماده فروش اینترنتی,10,فروشگاه شهرک غرب,,241222890203,پیراهن آستین کوتاه ساده مشکی M,1.0
572268,551897,2025-04-20,6,آماده فروش اینترنتی,10,فروشگاه شهرک غرب,,241222890204,پیراهن آستین کوتاه ساده مشکی L,2.0
572268,551897,2025-04-20,6,آماده فروش اینترنتی,10,فروشگاه شهرک غرب,,241222890205,پیراهن آستین کوتاه ساده مشکی XL,1.0
572268,551897,2025-04-20,6,آماده فروش اینترنتی,10,فروشگاه شهرک غرب,,241222890206,پیراهن آستین کوتاه ساده مشکی XXL,1.0
572268,551897,2025-04-20,6,آماده فروش اینترنتی,10,فروشگاه شهرک غرب,,241222890207,پیراهن آستین کوتاه ساده مشکی XXXL,1.0
572268,551897,2025-04-20,6,آماده فروش اینترنتی,10,فروشگاه شهرک غرب,,241222890403,پیراهن آستین کوتاه ساده سبز M,1.0
572268,551897,2025-04-20,6,آماده فروش اینترنتی,10,فروشگاه شهرک غرب,,241222890404,پیراهن آستین کوتاه ساده سبز L,2.0
572268,551897,2025-04-20,6,آماده فروش اینترنتی,10,فروشگاه شهرک غرب,,241222890405,پیراهن آستین کوتاه ساده سبز XL,1.0
572268,551897,2025-04-20,6,آماده فروش اینترنتی,10,فروشگاه شهرک غرب,,241222890406,پیراهن آستین کوتاه ساده سبز XXL,1.0
572268,551897,2025-04-20,6,آماده فروش اینترنتی,10,فروشگاه شهرک غرب,,241222890407,پیراهن آستین کوتاه ساده سبز XXXL,1.0
572268,551897,2025-04-20,6,آماده فروش اینترنتی,10,فروشگاه شهرک غرب,,241222890503,پیراهن آستین کوتاه ساده آبی M,1.0
572268,551897,2025-04-20,6,آماده فروش اینترنتی,10,فروشگاه شهرک غرب,,241222890504,پیراهن آستین کوتاه ساده آبی L,2.0
572268,551897,2025-04-20,6,آماده فروش اینترنتی,10,فروشگاه شهرک غرب,,241222890505,پیراهن آستین کوتاه ساده آبی XL,1.0
572268,551897,2025-04-20,6,آماده فروش اینترنتی,10,فروشگاه شهرک غرب,,241222890506,پیراهن آستین کوتاه ساده آبی XXL,1.0
572268,551897,2025-04-20,6,آماده فروش اینترنتی,10,فروشگاه شهرک غرب,,241222890507,پیراهن آستین کوتاه ساده آبی XXXL,1.0
572268,551897,2025-04-20,6,آماده فروش اینترنتی,10,فروشگاه شهرک غرب,,241222891303,پیراهن آستین کوتاه ساده سرمه ای M,1.0
572268,551897,2025-04-20,6,آماده فروش اینترنتی,10,فروشگاه شهرک غرب,,241222891304,پیراهن آستین کوتاه ساده سرمه ای L,2.0
572268,551897,2025-04-20,6,آماده فروش اینترنتی,10,فروشگاه شهرک غرب,,241222891305,پیراهن آستین کوتاه ساده سرمه ای XL,1.0
572268,551897,2025-04-20,6,آماده فروش اینترنتی,10,فروشگاه شهرک غرب,,241222891306,پیراهن آستین کوتاه ساده سرمه ای XXL,1.0
572268,551897,2025-04-20,6,آماده فروش اینترنتی,10,فروشگاه شهرک غرب,,241222891307,پیراهن آستین کوتاه ساده سرمه ای XXXL,1.0
572268,551897,2025-04-20,6,آماده فروش اینترنتی,10,فروشگاه شهرک غرب,,241222891403,پیراهن آستین کوتاه ساده کرم M,1.0
572268,551897,2025-04-20,6,آماده فروش اینترنتی,10,فروشگاه شهرک غرب,,241222891404,پیراهن آستین کوتاه ساده کرم L,2.0
572268,551897,2025-04-20,6,آماده فروش اینترنتی,10,فروشگاه شهرک غرب,,241222891405,پیراهن آستین کوتاه ساده کرم XL,1.0
572268,551897,2025-04-20,6,آماده فروش اینترنتی,10,فروشگاه شهرک غرب,,241222891406,پیراهن آستین کوتاه ساده کرم XXL,1.0
572268,551897,2025-04-20,6,آماده فروش اینترنتی,10,فروشگاه شهرک غرب,,241222891407,پیراهن آستین کوتاه ساده کرم XXXL,1.0
572268,551897,2025-04-20,6,آماده فروش اینترنتی,10,فروشگاه شهرک غرب,,241222893003,پیراهن آستین کوتاه ساده سبز روشن M,1.0
572268,551897,2025-04-20,6,آماده فروش اینترنتی,10,فروشگاه شهرک غرب,,241222893004,پیراهن آستین کوتاه ساده سبز روشن L,2.0
572268,551897,2025-04-20,6,آماده فروش اینترنتی,10,فروشگاه شهرک غرب,,241222893005,پیراهن آستین کوتاه ساده سبز روشن XL,1.0
572268,551897,2025-04-20,6,آماده فروش اینترنتی,10,فروشگاه شهرک غرب,,241222893006,پیراهن آستین کوتاه ساده سبز روشن XXL,1.0
572268,551897,2025-04-20,6,آماده فروش اینترنتی,10,فروشگاه شهرک غرب,,241222893007,پیراهن آستین کوتاه ساده سبز روشن XXXL,1.0
572268,551897,2025-04-20,6,آماده فروش اینترنتی,10,فروشگاه شهرک غرب,,241222893803,پیراهن آستین کوتاه ساده کرم روشن M,1.0
572268,551897,2025-04-20,6,آماده فروش اینترنتی,10,فروشگاه شهرک غرب,,241222893804,پیراهن آستین کوتاه ساده کرم روشنL,2.0
572268,551897,2025-04-20,6,آماده فروش اینترنتی,10,فروشگاه شهرک غرب,,241222893805,پیراهن آستین کوتاه ساده کرم روشن XL,1.0
572268,551897,2025-04-20,6,آماده فروش اینترنتی,10,فروشگاه شهرک غرب,,241222893806,پیراهن آستین کوتاه ساده کرم روشن XXL ,1.0
572268,551897,2025-04-20,6,آماده فروش اینترنتی,10,فروشگاه شهرک غرب,,241222893807,پیراهن آستین کوتاه ساده کرم روشن XXXL,1.0
572268,551897,2025-04-20,6,آماده فروش اینترنتی,10,فروشگاه شهرک غرب,,241222895103,پیراهن آستین کوتاه ساده سبز سدری M,1.0
572268,551897,2025-04-20,6,آماده فروش اینترنتی,10,فروشگاه شهرک غرب,,241222895104,پیراهن آستین کوتاه ساده سبز سدری L,2.0
572268,551897,2025-04-20,6,آماده فروش اینترنتی,10,فروشگاه شهرک غرب,,241222895105,پیراهن آستین کوتاه ساده سبز سدری XL,1.0
572268,551897,2025-04-20,6,آماده فروش اینترنتی,10,فروشگاه شهرک غرب,,241222895106,پیراهن آستین کوتاه ساده سبز سدری XXL,1.0
572268,551897,2025-04-20,6,آماده فروش اینترنتی,10,فروشگاه شهرک غرب,,241222895107,پیراهن آستین کوتاه ساده سبز سدری XXXL,1.0
572268,551897,2025-04-20,6,آماده فروش اینترنتی,10,فروشگاه شهرک غرب,,241222901403,پیراهن آستین کوتاه ساده کرم M,1.0
572268,551897,2025-04-20,6,آماده فروش اینترنتی,10,فروشگاه شهرک غرب,,241222901404,پیراهن آستین کوتاه ساده کرم L,2.0
572268,551897,2025-04-20,6,آماده فروش اینترنتی,10,فروشگاه شهرک غرب,,241222901405,پیراهن آستین کوتاه ساده کرم XL,1.0
572268,551897,2025-04-20,6,آماده فروش اینترنتی,10,فروشگاه شهرک غرب,,241222901406,پیراهن آستین کوتاه ساده کرم XXL,1.0
572268,551897,2025-04-20,6,آماده فروش اینترنتی,10,فروشگاه شهرک غرب,,241222901407,پیراهن آستین کوتاه ساده کرم XXXL,1.0
572268,551897,2025-04-20,6,آماده فروش اینترنتی,10,فروشگاه شهرک غرب,,241222903803,پیراهن آستین کوتاه ساده کرم روشن M,1.0
572268,551897,2025-04-20,6,آماده فروش اینترنتی,10,فروشگاه شهرک غرب,,241222903804,پیراهن آستین کوتاه ساده کرم روشن L,2.0
572268,551897,2025-04-20,6,آماده فروش اینترنتی,10,فروشگاه شهرک غرب,,241222903805,پیراهن آستین کوتاه ساده کرم روشن XL,1.0
572268,551897,2025-04-20,6,آماده فروش اینترنتی,10,فروشگاه شهرک غرب,,241222903806,پیراهن آستین کوتاه ساده کرم روشن XXL,1.0
572268,551897,2025-04-20,6,آماده فروش اینترنتی,10,فروشگاه شهرک غرب,,241222903807,پیراهن آستین کوتاه ساده کرم روشن XXXL,1.0
572268,551897,2025-04-20,6,آماده فروش اینترنتی,10,فروشگاه شهرک غرب,,241222910402,پیراهن آستین کوتاه ساده سبز S,1.0
572268,551897,2025-04-20,6,آماده فروش اینترنتی,10,فروشگاه شهرک غرب,,241222910403,پیراهن آستین کوتاه ساده سبز M,1.0
572268,551897,2025-04-20,6,آماده فروش اینترنتی,10,فروشگاه شهرک غرب,,241222910404,پیراهن آستین کوتاه ساده سبز L,2.0
572268,551897,2025-04-20,6,آماده فروش اینترنتی,10,فروشگاه شهرک غرب,,241222910405,پیراهن آستین کوتاه ساده سبز XL,1.0
572268,551897,2025-04-20,6,آماده فروش اینترنتی,10,فروشگاه شهرک غرب,,241222910406,پیراهن آستین کوتاه ساده سبز XXL,1.0
572268,551897,2025-04-20,6,آماده فروش اینترنتی,10,فروشگاه شهرک غرب,,241931570103,پولوشرت ساده سفید M,1.0
572268,551897,2025-04-20,6,آماده فروش اینترنتی,10,فروشگاه شهرک غرب,,241931570104,پولوشرت ساده سفید L,2.0
572268,551897,2025-04-20,6,آماده فروش اینترنتی,10,فروشگاه شهرک غرب,,241931570105,پولوشرت ساده سفید XL,1.0
572268,551897,2025-04-20,6,آماده فروش اینترنتی,10,فروشگاه شهرک غرب,,241931570106,پولوشرت ساده سفید XXL,1.0
572268,551897,2025-04-20,6,آماده فروش اینترنتی,10,فروشگاه شهرک غرب,,241931570107,پولوشرت ساده سفید XXXL,1.0
572268,551897,2025-04-20,6,آماده فروش اینترنتی,10,فروشگاه شهرک غرب,,241931570203,پولوشرت ساده مشکی M,1.0
572268,551897,2025-04-20,6,آماده فروش اینترنتی,10,فروشگاه شهرک غرب,,241931570204,پولوشرت ساده مشکی L,2.0
572268,551897,2025-04-20,6,آماده فروش اینترنتی,10,فروشگاه شهرک غرب,,241931570205,پولوشرت ساده مشکی XL,1.0
572268,551897,2025-04-20,6,آماده فروش اینترنتی,10,فروشگاه شهرک غرب,,241931570206,پولوشرت ساده مشکی XXL,1.0
572268,551897,2025-04-20,6,آماده فروش اینترنتی,10,فروشگاه شهرک غرب,,241931570207,پولوشرت ساده مشکی XXXL,1.0
572268,551897,2025-04-20,6,آماده فروش اینترنتی,10,فروشگاه شهرک غرب,,241931570403,پولوشرت ساده سبز M,1.0
572268,551897,2025-04-20,6,آماده فروش اینترنتی,10,فروشگاه شهرک غرب,,241931570404,پولوشرت ساده سبز L,2.0
572268,551897,2025-04-20,6,آماده فروش اینترنتی,10,فروشگاه شهرک غرب,,241931570405,پولوشرت ساده سبز XL,1.0
572268,551897,2025-04-20,6,آماده فروش اینترنتی,10,فروشگاه شهرک غرب,,241931570406,پولوشرت ساده سبز XXL,1.0
572268,551897,2025-04-20,6,آماده فروش اینترنتی,10,فروشگاه شهرک غرب,,241931570407,پولوشرت ساده سبز XXXL,1.0
572268,551897,2025-04-20,6,آماده فروش اینترنتی,10,فروشگاه شهرک غرب,,241931570503,پولوشرت ساده آبی M,1.0
572268,551897,2025-04-20,6,آماده فروش اینترنتی,10,فروشگاه شهرک غرب,,241931570504,پولوشرت ساده آبی L,2.0
572268,551897,2025-04-20,6,آماده فروش اینترنتی,10,فروشگاه شهرک غرب,,241931570505,پولوشرت ساده آبی XL,1.0
572268,551897,2025-04-20,6,آماده فروش اینترنتی,10,فروشگاه شهرک غرب,,241931570506,پولوشرت ساده آبی XXL,1.0
572268,551897,2025-04-20,6,آماده فروش اینترنتی,10,فروشگاه شهرک غرب,,241931570507,پولوشرت ساده آبی XXXL,1.0
572268,551897,2025-04-20,6,آماده فروش اینترنتی,10,فروشگاه شهرک غرب,,241931571303,پولوشرت ساده سرمه ای M,1.0
572268,551897,2025-04-20,6,آماده فروش اینترنتی,10,فروشگاه شهرک غرب,,241931571304,پولوشرت ساده سرمه ای L,2.0
572268,551897,2025-04-20,6,آماده فروش اینترنتی,10,فروشگاه شهرک غرب,,241931571305,پولوشرت ساده سرمه ای XL,1.0
572268,551897,2025-04-20,6,آماده فروش اینترنتی,10,فروشگاه شهرک غرب,,241931571306,پولوشرت ساده سرمه ای XXL,1.0
572268,551897,2025-04-20,6,آماده فروش اینترنتی,10,فروشگاه شهرک غرب,,241931571307,پولوشرت ساده سرمه ای XXXL,1.0
572268,551897,2025-04-20,6,آماده فروش اینترنتی,10,فروشگاه شهرک غرب,,241931571403,پولوشرت ساده کرم M,1.0
572268,551897,2025-04-20,6,آماده فروش اینترنتی,10,فروشگاه شهرک غرب,,241931571404,پولوشرت ساده کرم L,2.0
572268,551897,2025-04-20,6,آماده فروش اینترنتی,10,فروشگاه شهرک غرب,,241931571405,پولوشرت ساده کرم XL,1.0
572268,551897,2025-04-20,6,آماده فروش اینترنتی,10,فروشگاه شهرک غرب,,241931571406,پولوشرت ساده کرم XXL,1.0
572268,551897,2025-04-20,6,آماده فروش اینترنتی,10,فروشگاه شهرک غرب,,241931571407,پولوشرت ساده کرم XXXL,1.0
572268,551897,2025-04-20,6,آماده فروش اینترنتی,10,فروشگاه شهرک غرب,,241931572703,پولوشرت ساده سبز تیره M,1.0
572268,551897,2025-04-20,6,آماده فروش اینترنتی,10,فروشگاه شهرک غرب,,241931572704,پولوشرت ساده سبز تیره L,2.0
572268,551897,2025-04-20,6,آماده فروش اینترنتی,10,فروشگاه شهرک غرب,,241931572705,پولوشرت ساده سبز تیره XL,1.0
572268,551897,2025-04-20,6,آماده فروش اینترنتی,10,فروشگاه شهرک غرب,,241931572706,پولوشرت ساده سبز تیره XXL,1.0
572268,551897,2025-04-20,6,آماده فروش اینترنتی,10,فروشگاه شهرک غرب,,241931572707,پولوشرت ساده سبز تیره XXXL,1.0
572268,551897,2025-04-20,6,آماده فروش اینترنتی,10,فروشگاه شهرک غرب,,241931573003,پولوشرت ساده سبز روشن M,1.0
572268,551897,2025-04-20,6,آماده فروش اینترنتی,10,فروشگاه شهرک غرب,,241931573004,پولوشرت ساده سبز روشن L,2.0
572268,551897,2025-04-20,6,آماده فروش اینترنتی,10,فروشگاه شهرک غرب,,241931573005,پولوشرت ساده سبز روشن XL,1.0
572268,551897,2025-04-20,6,آماده فروش اینترنتی,10,فروشگاه شهرک غرب,,241931573006,پولوشرت ساده سبز روشن XXL,1.0
572268,551897,2025-04-20,6,آماده فروش اینترنتی,10,فروشگاه شهرک غرب,,241931573007,پولوشرت ساده سبز روشن XXXL,1.0
572268,551897,2025-04-20,6,آماده فروش اینترنتی,10,فروشگاه شهرک غرب,,241931574103,پولوشرت ساده طوسی M,1.0
572268,551897,2025-04-20,6,آماده فروش اینترنتی,10,فروشگاه شهرک غرب,,241931574104,پولوشرت ساده طوسی L,2.0
572268,551897,2025-04-20,6,آماده فروش اینترنتی,10,فروشگاه شهرک غرب,,241931574105,پولوشرت ساده طوسی XL,1.0
572268,551897,2025-04-20,6,آماده فروش اینترنتی,10,فروشگاه شهرک غرب,,241931574106,پولوشرت ساده طوسی XXL,1.0
572268,551897,2025-04-20,6,آماده فروش اینترنتی,10,فروشگاه شهرک غرب,,241931574107,پولوشرت ساده طوسی XXXL,1.0
572268,551897,2025-04-20,6,آماده فروش اینترنتی,10,فروشگاه شهرک غرب,,241931581303,پولوشرت ساده سرمه ای M,1.0
572268,551897,2025-04-20,6,آماده فروش اینترنتی,10,فروشگاه شهرک غرب,,241931581304,پولوشرت ساده سرمه ای L,1.0
572268,551897,2025-04-20,6,آماده فروش اینترنتی,10,فروشگاه شهرک غرب,,241931581305,پولوشرت ساده سرمه ای XL,1.0
572268,551897,2025-04-20,6,آماده فروش اینترنتی,10,فروشگاه شهرک غرب,,241931581306,پولوشرت ساده سرمه ای XXL,1.0
572268,551897,2025-04-20,6,آماده فروش اینترنتی,10,فروشگاه شهرک غرب,,241931581403,پولوشرت ساده کرم M,1.0
572268,551897,2025-04-20,6,آماده فروش اینترنتی,10,فروشگاه شهرک غرب,,241931581404,پولوشرت ساده کرم L,1.0
572268,551897,2025-04-20,6,آماده فروش اینترنتی,10,فروشگاه شهرک غرب,,241931581405,پولوشرت ساده کرم XL,1.0
572268,551897,2025-04-20,6,آماده فروش اینترنتی,10,فروشگاه شهرک غرب,,241931581406,پولوشرت ساده کرم XXL,1.0
572268,551897,2025-04-20,6,آماده فروش اینترنتی,10,فروشگاه شهرک غرب,,241942890403,پولوشرت طرح دار سبز M,1.0
572268,551897,2025-04-20,6,آماده فروش اینترنتی,10,فروشگاه شهرک غرب,,241942890404,پولوشرت طرح دار سبز L,1.0
572268,551897,2025-04-20,6,آماده فروش اینترنتی,10,فروشگاه شهرک غرب,,241942890405,پولوشرت طرح دار سبز XL,1.0
572268,551897,2025-04-20,6,آماده فروش اینترنتی,10,فروشگاه شهرک غرب,,241942890406,پولوشرت طرح دار سبز XXL,1.0
572268,551897,2025-04-20,6,آماده فروش اینترنتی,10,فروشگاه شهرک غرب,,241942891403,پولوشرت طرح دار کرم M,1.0
572268,551897,2025-04-20,6,آماده فروش اینترنتی,10,فروشگاه شهرک غرب,,241942891405,پولوشرت طرح دار کرم XL,1.0
572268,551897,2025-04-20,6,آماده فروش اینترنتی,10,فروشگاه شهرک غرب,,241942891406,پولوشرت طرح دار کرم XXL,1.0
572268,551897,2025-04-20,6,آماده فروش اینترنتی,10,فروشگاه شهرک غرب,,241942900103,پولوشرت طرح دار سفید M,1.0
572268,551897,2025-04-20,6,آماده فروش اینترنتی,10,فروشگاه شهرک غرب,,241942900104,پولوشرت طرح دار سفید L,2.0
572268,551897,2025-04-20,6,آماده فروش اینترنتی,10,فروشگاه شهرک غرب,,241942900105,پولوشرت طرح دار سفید XL,2.0
572268,551897,2025-04-20,6,آماده فروش اینترنتی,10,فروشگاه شهرک غرب,,241942900106,پولوشرت طرح دار سفید XXL,1.0
572268,551897,2025-04-20,6,آماده فروش اینترنتی,10,فروشگاه شهرک غرب,,241942900203,پولوشرت طرح دار مشکی M,1.0
572268,551897,2025-04-20,6,آماده فروش اینترنتی,10,فروشگاه شهرک غرب,,241942900204,پولوشرت طرح دار مشکی L,2.0
572268,551897,2025-04-20,6,آماده فروش اینترنتی,10,فروشگاه شهرک غرب,,241942900205,پولوشرت طرح دار مشکی XL,2.0
572268,551897,2025-04-20,6,آماده فروش اینترنتی,10,فروشگاه شهرک غرب,,241942900206,پولوشرت طرح دار مشکی XXL,1.0
572268,551897,2025-04-20,6,آماده فروش اینترنتی,10,فروشگاه شهرک غرب,,241942900403,پولوشرت طرح دار سبز M,1.0
572268,551897,2025-04-20,6,آماده فروش اینترنتی,10,فروشگاه شهرک غرب,,241942900404,پولوشرت طرح دار سبز L,2.0
572268,551897,2025-04-20,6,آماده فروش اینترنتی,10,فروشگاه شهرک غرب,,241942900405,پولوشرت طرح دار سبز XL,2.0
572268,551897,2025-04-20,6,آماده فروش اینترنتی,10,فروشگاه شهرک غرب,,241942900406,پولوشرت طرح دار سبز XXL,1.0
572268,551897,2025-04-20,6,آماده فروش اینترنتی,10,فروشگاه شهرک غرب,,241942901303,پولوشرت طرح دار سرمه ای M,1.0
572268,551897,2025-04-20,6,آماده فروش اینترنتی,10,فروشگاه شهرک غرب,,241942901304,پولوشرت طرح دار سرمه ای L,2.0
572268,551897,2025-04-20,6,آماده فروش اینترنتی,10,فروشگاه شهرک غرب,,241942901305,پولوشرت طرح دار سرمه ای XL,2.0
572268,551897,2025-04-20,6,آماده فروش اینترنتی,10,فروشگاه شهرک غرب,,241942901306,پولوشرت طرح دار سرمه ای XXL,1.0
572268,551897,2025-04-20,6,آماده فروش اینترنتی,10,فروشگاه شهرک غرب,,241942910103,پولوشرت طرح دار سفید M,1.0
572268,551897,2025-04-20,6,آماده فروش اینترنتی,10,فروشگاه شهرک غرب,,241942910104,پولوشرت طرح دار سفید L,2.0
572268,551897,2025-04-20,6,آماده فروش اینترنتی,10,فروشگاه شهرک غرب,,241942910105,پولوشرت طرح دار سفید XL,2.0
572268,551897,2025-04-20,6,آماده فروش اینترنتی,10,فروشگاه شهرک غرب,,241942910106,پولوشرت طرح دار سفید XXL,1.0
572268,551897,2025-04-20,6,آماده فروش اینترنتی,10,فروشگاه شهرک غرب,,241942910203,پولوشرت طرح دار مشکی M,1.0
572268,551897,2025-04-20,6,آماده فروش اینترنتی,10,فروشگاه شهرک غرب,,241942910204,پولوشرت طرح دار مشکی L,2.0
572268,551897,2025-04-20,6,آماده فروش اینترنتی,10,فروشگاه شهرک غرب,,241942910205,پولوشرت طرح دار مشکی XL,2.0
572268,551897,2025-04-20,6,آماده فروش اینترنتی,10,فروشگاه شهرک غرب,,241942910206,پولوشرت طرح دار مشکی XXL,1.0
